,pid,lastName,firstName,Chamber,District,Party,American Civil Liberties Union of California,"American Federation of State, County and Municipal Employees (AFSCME)",Bay Area Council,California Apartment Association,California Association Of Realtors,California Catholic Conference,California Chamber of Commerce,California Chapter National Association of Social Workers,California District Attorneys Association,California Environmental Voters,California Faculty Associaiton,California Housing Partnership,California Immigrant Policy Center,California Labor Federation,California Manufacturers And Technology Association,California Medical Association,California Nurses Association,California Pan-Ethnic Health Network,California Professional Firefighters,California Public Defenders,California School Employees Association,California Sheriffs Association,California Special Districts Association,California State Association Of Counties,Children Now,Consumer Attorneys Of California,Disability Rights California,Ella Baker Center For Human Rights,Friends Committee on Legislation in California,International Brotherhood of Teamsters (IBT),League Of California Cities,Legal Services for Prisoners,National Resources Defense Council,Oakland Privacy,Peace Officers Research Association Of California,Planned Parenthood,Rural Counties Representatives of California,San Francisco Public Defender,Service Employees International Union (SEIU),Sierra Club California,Western Center on Law and Poverty
0,10,Lackey,Tom,Assembly,34,Republican,0.329524,0.593156,0.767857,0.825,0.885057,0.713483,0.841004,0.608856,0.935897,0.391304,0.591837,0.511111,0.552083,0.342697,0.912621,0.698413,0.272727,0.664179,0.707317,0.375394,0.5625,0.883002,0.722772,0.745387,0.796992,0.603175,0.638158,0.359375,0.235602,0.436975,0.752632,0.335664,0.504587,0.38806,0.937716,0.6,0.808383,0.322034,0.418605,0.461957,0.569444
1,11,Low,Evan,Assembly,26,Democrat,0.736486,0.958159,0.821429,0.755814,0.764706,0.887218,0.467213,0.990783,0.757709,0.985294,0.905263,1.0,0.966443,0.930876,0.373832,0.877551,0.847059,0.956044,0.96748,0.677551,0.975207,0.637755,0.647059,0.707317,1.0,0.955224,0.899281,0.89011,0.92381,0.909091,0.631944,0.694268,0.923077,0.866667,0.864865,0.991453,0.81746,0.794872,0.916667,0.888889,0.988024
2,16,Irwin,Jacqui,Assembly,42,Democrat,0.609053,0.977273,0.788462,0.763441,0.727273,0.832,0.477099,0.946602,0.889571,1.0,0.939394,1.0,0.903448,0.9,0.429825,0.857143,0.776316,0.946809,0.94898,0.551136,0.954955,0.737931,0.677966,0.756757,0.990654,0.953846,0.861386,0.763158,0.78481,0.889908,0.727941,0.580357,0.903509,0.825,0.865385,0.971429,0.852713,0.621622,0.888372,0.858824,0.941176
3,17,Santiago,Miguel,Assembly,54,Democrat,0.756335,0.972892,0.794118,0.718447,0.696203,0.900862,0.370149,0.997658,0.697674,0.972603,0.978261,1.0,0.973684,0.977099,0.362319,0.889313,0.825397,0.967742,0.960265,0.744681,0.983784,0.588832,0.652778,0.713115,0.987705,0.981818,0.831169,0.941463,0.938679,0.932886,0.648148,0.764706,0.937107,0.924242,0.759615,0.996875,0.815476,0.833333,0.96,0.865672,0.97619
4,19,Wilk,Scott,Senate,21,Republican,0.434524,0.540342,0.781818,0.747525,0.755102,0.830189,0.783838,0.704434,0.858268,0.46875,0.601562,0.574257,0.578512,0.379545,0.811594,0.65445,0.353383,0.542253,0.590244,0.407051,0.523132,0.87907,0.754237,0.723214,0.823045,0.551724,0.66187,0.430657,0.401274,0.403774,0.751938,0.4,0.514563,0.479167,0.877095,0.569061,0.823293,0.23913,0.37844,0.494737,0.648794
5,22,McCarty,Kevin,Assembly,6,Democrat,0.72467,0.964744,0.777778,0.631148,0.633663,0.887892,0.3125,1.0,0.765734,1.0,1.0,1.0,0.987395,0.974194,0.277487,0.854626,0.823529,0.943965,0.970238,0.668605,0.95814,0.708812,0.55814,0.666667,0.981061,0.983051,0.847534,0.789773,0.851429,0.941489,0.660098,0.652968,0.902222,0.851852,0.85641,0.995122,0.823256,0.634328,0.94362,0.86828,0.971989
6,28,Gipson,Mike,Assembly,65,Democrat,0.738532,0.980488,0.782609,0.842105,0.765432,0.895161,0.492537,1.0,0.787879,1.0,0.977778,1.0,0.984,0.952381,0.43617,0.850467,0.821918,0.94186,0.959016,0.68,0.967391,0.676471,0.569444,0.717172,1.0,0.967213,0.920354,0.853333,0.947917,0.903704,0.63125,0.767241,0.919643,0.971429,0.848485,0.990385,0.844444,0.745098,0.925532,0.845714,0.976879
7,29,Waldron,Marie,Assembly,75,Republican,0.37751,0.588679,0.727273,0.75,0.741071,0.768,0.70073,0.751799,0.9,0.61194,0.62963,0.625,0.544379,0.428571,0.857143,0.746412,0.345794,0.735426,0.716129,0.421053,0.62406,0.858025,0.732877,0.733108,0.872093,0.626984,0.666667,0.640449,0.5,0.453782,0.778802,0.446429,0.466667,0.611111,0.921569,0.582569,0.796954,0.536585,0.506224,0.439153,0.716981
8,30,Ting,Philip,Assembly,19,Democrat,0.713864,0.968468,0.80303,0.635514,0.647887,0.843537,0.411765,1.0,0.738589,1.0,0.98,1.0,0.988372,0.978261,0.335821,0.831776,0.819277,0.944444,0.983051,0.698305,0.983471,0.668085,0.6,0.709184,1.0,0.976048,0.866667,0.802632,0.811189,0.933824,0.689441,0.661692,0.959732,0.810811,0.887006,0.992958,0.823077,0.65812,0.936364,0.915179,0.973404
9,38,Garcia,Eduardo,Assembly,36,Democrat,0.77492,0.986928,0.841463,0.728,0.708333,0.88587,0.405263,0.993789,0.778243,0.988235,0.983871,1.0,0.975248,0.965385,0.337143,0.896825,0.84375,0.971098,0.97351,0.728346,0.972414,0.679612,0.612245,0.703557,0.994318,0.97619,0.901734,0.91,0.946565,0.916667,0.619792,0.77439,0.914798,0.904762,0.890756,0.99495,0.847826,0.891304,0.952381,0.855263,0.988462
10,42,Jones,Brian,Senate,40,Republican,0.276498,0.376,0.818182,0.766355,0.855422,0.596491,0.866906,0.491304,0.885906,0.14433,0.508475,0.47541,0.302326,0.128079,0.92233,0.426966,0.202247,0.402299,0.495146,0.276836,0.322148,0.835938,0.716667,0.727811,0.691667,0.357798,0.507936,0.414894,0.211009,0.403509,0.700787,0.367188,0.283582,0.446809,0.883495,0.447154,0.805556,0.166667,0.176796,0.270742,0.455128
11,47,Dahle,Brian,Senate,1,Republican,0.288,0.35124,0.780952,0.764706,0.857143,0.641026,0.851852,0.544041,0.919753,0.252747,0.45098,0.492958,0.351351,0.192825,0.919753,0.56701,0.224719,0.47619,0.516129,0.295082,0.366197,0.863636,0.775,0.752066,0.695652,0.433824,0.483051,0.303371,0.236641,0.35625,0.695067,0.298969,0.326087,0.446809,0.836207,0.428571,0.853261,0.128205,0.2,0.300518,0.537634
12,65,Nguyen,Janet,Senate,36,Republican,0.41453,0.566265,0.773913,0.75,0.827586,0.797101,0.850427,0.696035,0.896947,0.21374,0.61039,0.554455,0.604478,0.326531,0.889474,0.640411,0.303226,0.613636,0.561086,0.360656,0.487069,0.883333,0.74359,0.671463,0.855263,0.592105,0.695122,0.374101,0.30102,0.391892,0.709459,0.337349,0.41048,0.530303,0.871345,0.532423,0.739286,0.212766,0.391521,0.370057,0.717352
13,69,Rodriguez,Freddie,Assembly,53,Democrat,0.723502,0.965753,0.758621,0.86747,0.836364,0.832061,0.364,0.996479,0.870748,1.0,0.98,1.0,0.981818,0.982456,0.391753,0.879828,0.83,0.96281,0.980519,0.653333,0.980132,0.804511,0.621622,0.716346,0.994764,0.98374,0.829545,0.9,0.930233,0.957747,0.669065,0.70297,0.925926,0.942857,0.960396,0.99569,0.808824,0.777778,0.956522,0.871951,0.968454
14,70,Allen,Benjamin,Senate,24,Democrat,0.770344,0.95186,0.884892,0.733591,0.631068,0.883019,0.339655,0.99093,0.7603,0.932203,0.934579,0.956204,0.98062,0.949296,0.303419,0.801932,0.904412,0.971429,0.970339,0.740132,0.940711,0.636364,0.753086,0.748201,0.971831,0.941379,0.86859,0.933333,0.973958,0.875,0.724719,0.790698,0.923304,0.767677,0.784091,1.0,0.809061,0.690476,0.918919,0.873585,0.974596
15,71,Dodd,Bill,Senate,3,Democrat,0.731377,0.884013,0.9,0.852941,0.666667,0.861386,0.467866,0.973684,0.809917,0.889908,0.901639,0.92233,0.91,0.885906,0.47093,0.795455,0.755319,0.952756,0.933735,0.662252,0.907407,0.706186,0.720721,0.726688,0.976048,0.906542,0.857759,0.825397,0.868056,0.816964,0.684211,0.722628,0.909091,0.779661,0.830065,0.993827,0.841897,0.511628,0.844937,0.822823,0.957958
16,72,Wood,Jim,Assembly,2,Democrat,0.761905,0.970238,0.822917,0.763889,0.63,0.867925,0.37037,0.99705,0.776699,0.976923,0.984375,1.0,0.990244,0.980989,0.341615,0.854772,0.798561,0.969582,0.967742,0.715,0.97619,0.685083,0.623656,0.699301,0.99495,0.95625,0.837563,0.921348,0.950355,0.922581,0.621212,0.744966,0.877551,0.945946,0.882883,0.99661,0.77619,0.875,0.962838,0.864608,0.964912
17,75,Mathis,Devon,Assembly,33,Republican,0.339806,0.512315,0.746479,0.821782,0.80303,0.658537,0.885246,0.583756,0.929032,0.46875,0.434783,0.566038,0.416,0.235294,0.972727,0.671429,0.289855,0.512195,0.610526,0.329341,0.5,0.873016,0.757143,0.823864,0.802083,0.526316,0.712871,0.292308,0.208791,0.391608,0.806452,0.31068,0.341463,0.37931,0.910256,0.471264,0.892617,0.212121,0.34434,0.365517,0.545455
18,77,Grove,Shannon,Senate,12,Republican,0.322581,0.407821,0.859649,0.797468,0.847458,0.719512,0.839572,0.590062,0.891089,0.349515,0.529412,0.6,0.308642,0.176923,0.887324,0.607595,0.261538,0.507246,0.6,0.292308,0.416667,0.829545,0.796296,0.742188,0.737864,0.448718,0.526316,0.493333,0.304878,0.314607,0.790476,0.387097,0.351852,0.487805,0.862069,0.492537,0.821782,0.176471,0.272109,0.346369,0.584507
19,78,Holden,Chris,Assembly,41,Democrat,0.787535,0.983819,0.828571,0.641176,0.69,0.868571,0.352657,1.0,0.759825,0.975309,0.985075,1.0,0.990741,0.974729,0.295566,0.813008,0.872727,0.962406,0.974684,0.727273,0.96,0.614213,0.51,0.641509,0.993151,0.952756,0.888889,0.931373,0.950355,0.937824,0.578947,0.761905,0.92,0.944444,0.880342,0.994624,0.80625,0.901961,0.972973,0.861635,0.984252
20,84,Maienschein,Brian,Assembly,76,Democrat,0.562674,0.808901,0.674699,0.730539,0.669492,0.759091,0.519512,0.891566,0.876923,1.0,0.791667,0.955556,0.708696,0.672662,0.509434,0.845133,0.620438,0.794355,0.807453,0.545918,0.82716,0.792135,0.607477,0.703571,0.951807,0.838596,0.77907,0.813725,0.716667,0.732955,0.683616,0.583333,0.78125,0.915493,0.876106,0.833333,0.759036,0.756757,0.73297,0.774359,0.817102
21,93,McGuire,Mike,Senate,2,Democrat,0.785575,0.959184,0.875,0.806897,0.676856,0.888087,0.380334,0.989011,0.749117,0.97561,0.966942,0.945122,0.978022,0.958115,0.369863,0.817757,0.891473,0.978142,0.947598,0.725373,0.957031,0.644269,0.67284,0.713318,0.973485,0.94902,0.888889,0.902778,0.958763,0.866013,0.688705,0.778409,0.947368,0.84375,0.779661,1.0,0.809836,0.666667,0.938119,0.887234,0.98152
22,106,Roth,Richard,Senate,31,Democrat,0.745833,0.939271,0.916084,0.885593,0.804734,0.820175,0.459402,0.973034,0.8625,0.946667,0.955056,0.944,0.954733,0.923706,0.480769,0.75,0.828947,0.949833,0.920705,0.667832,0.949791,0.782805,0.727941,0.719807,0.966667,0.916996,0.861027,0.873016,0.88961,0.808889,0.690691,0.703704,0.908654,0.785714,0.895062,0.952522,0.791519,0.55,0.897436,0.807692,0.964286
23,108,Gallagher,James,Assembly,3,Republican,0.250859,0.477966,0.769231,0.787611,0.795455,0.622857,0.896875,0.602007,0.937759,0.285714,0.442308,0.351351,0.30102,0.197628,0.94964,0.669421,0.241758,0.503401,0.588235,0.326087,0.454545,0.893204,0.726316,0.834025,0.816993,0.604651,0.666667,0.268293,0.185185,0.317919,0.761364,0.235714,0.298343,0.407407,0.897436,0.409639,0.912791,0.129032,0.296578,0.326984,0.534351
24,110,Atkins,Toni,Senate,39,Democrat,0.761682,0.942249,0.869565,0.766304,0.669065,0.878641,0.35376,0.997093,0.735294,0.958904,0.939394,0.957895,0.990385,0.964912,0.344828,0.846667,0.897959,0.979452,0.950276,0.706667,0.966102,0.623037,0.627451,0.674342,0.977528,0.970588,0.872247,0.888,0.972603,0.902439,0.666667,0.798507,0.94,0.854545,0.790541,0.993902,0.802885,0.644444,0.93125,0.849315,0.979827
25,119,Patterson,Jim,Assembly,8,Republican,0.226415,0.471366,0.746032,0.872549,0.886076,0.661417,0.920962,0.567961,0.920245,0.447761,0.5,0.616667,0.408805,0.247706,0.908451,0.679688,0.273684,0.516779,0.619469,0.372881,0.467213,0.876712,0.706667,0.748691,0.77037,0.547619,0.62069,0.489583,0.22449,0.330986,0.741497,0.382114,0.328,0.634146,0.89,0.408537,0.821429,0.5,0.302439,0.336493,0.495455
26,120,Rendon,Anthony,Assembly,62,Democrat,0.767857,0.987013,0.764706,0.752809,0.724138,0.888889,0.374468,1.0,0.739394,1.0,0.977273,1.0,0.985401,0.987879,0.322034,0.910256,0.868421,0.96875,0.960784,0.722222,0.981132,0.639706,0.608696,0.72067,1.0,0.974359,0.931373,0.916667,0.958333,0.959016,0.584746,0.75,0.909091,0.935484,0.861702,0.990741,0.82906,0.880952,0.955556,0.879377,0.993506
27,1989,Soria,Esmeralda,Assembly,27,Democrat,0.769231,0.98,0.65625,0.945946,0.714286,0.822222,0.453125,1.0,0.970588,0.979592,1.0,1.0,0.970588,0.948276,0.47619,0.923077,0.935484,0.909091,1.0,0.777778,0.962963,0.76,0.615385,0.675676,1.0,0.964286,0.923077,0.846154,0.916667,0.9375,0.717391,0.818182,1.0,0.96,0.948718,1.0,0.638889,0.730769,0.985075,1.0,0.96
28,3108,Laird,John,Senate,17,Democrat,0.7,0.920792,0.707692,0.619565,0.376812,0.844156,0.20438,0.986755,0.758065,0.959732,0.985075,0.920635,0.952381,0.956175,0.123596,0.85,0.933333,0.949153,0.933333,0.77381,0.920635,0.603774,0.559322,0.625,1.0,0.882353,0.824561,0.876404,0.975904,0.941176,0.641026,0.933333,0.908163,0.761364,0.756757,1.0,0.6125,0.53125,0.922764,0.847328,0.962963
29,5510,Schiavo,Pilar,Assembly,40,Democrat,0.785714,0.96,0.611111,0.763158,0.68,0.836735,0.340426,1.0,0.829268,0.988372,1.0,1.0,0.971429,0.967742,0.288889,0.898305,0.871795,0.931035,0.939394,0.836735,1.0,0.714286,0.684211,0.688889,1.0,1.0,0.860465,0.92,0.977273,0.964286,0.711864,0.842105,0.961538,0.92,0.852941,1.0,0.725,0.827586,1.0,0.901099,0.971831
30,13069,Limon,Monique,Senate,19,Democrat,0.767544,0.921951,0.829268,0.722222,0.566038,0.855856,0.244898,1.0,0.813559,0.963235,0.966667,0.942029,0.981818,0.96789,0.242991,0.836257,0.8,0.965517,0.962963,0.755556,0.97561,0.663265,0.592105,0.688525,1.0,0.975806,0.817143,0.83871,0.97561,0.922581,0.712418,0.862745,0.94359,0.818182,0.717949,1.0,0.758621,0.567568,0.918605,0.899225,0.971875
31,17377,Arambula,Joaquin,Assembly,31,Democrat,0.699507,0.978814,0.714286,0.765306,0.741379,0.849398,0.360515,0.989247,0.883562,1.0,0.922414,0.977778,0.951389,0.958549,0.37069,0.894737,0.824176,0.940789,0.961905,0.704403,1.0,0.720339,0.635135,0.758427,0.995,0.950413,0.901961,0.87156,0.892857,0.981132,0.685714,0.755102,0.948718,0.959184,0.857143,1.0,0.819672,0.770492,0.953901,0.887006,0.972696
32,21275,Blakespear,Catherine,Senate,38,Democrat,0.709677,0.842105,0.869565,0.904762,0.422535,0.85,0.294118,0.961905,0.792453,0.953271,0.97619,0.915094,0.923077,0.858491,0.235294,0.9,0.906977,0.973684,0.909091,0.7375,0.901408,0.552632,0.553571,0.719626,1.0,0.846154,0.818182,0.808219,0.941176,0.827273,0.601626,0.8,0.943662,0.77551,0.645161,1.0,0.61194,0.483871,0.866071,0.862069,0.89899
33,34362,Portantino,Anthony,Senate,25,Democrat,0.779614,0.941781,0.835294,0.780645,0.669725,0.907767,0.341615,0.986928,0.798913,0.96,0.946667,0.952941,0.965517,0.966867,0.302158,0.818841,0.896552,0.961538,0.948571,0.733607,0.965116,0.671756,0.623762,0.683398,0.977528,0.92973,0.889344,0.872727,0.959677,0.919149,0.707317,0.87013,0.961538,0.84058,0.80292,1.0,0.792746,0.55814,0.950685,0.896907,0.985549
34,34364,Skinner,Nancy,Senate,9,Democrat,0.779592,0.908088,0.909604,0.855124,0.626316,0.90404,0.366093,0.990415,0.704403,0.928144,0.945946,0.950549,0.9875,0.939103,0.306931,0.832061,0.888889,0.947368,0.954545,0.747277,0.980392,0.587234,0.646667,0.710602,0.986928,0.967914,0.885106,0.922705,0.979275,0.889503,0.634146,0.916031,0.928839,0.895522,0.724638,1.0,0.780877,0.761194,0.927152,0.844504,0.947674
35,34399,Muratsuchi,Al,Assembly,66,Democrat,0.748252,0.993464,0.729167,0.634409,0.661972,0.873874,0.339552,0.963235,0.954545,0.984,0.971429,0.938776,0.944444,0.979167,0.312925,0.929825,0.87931,0.946667,0.986486,0.603604,0.948454,0.764045,0.564516,0.746377,1.0,0.987654,0.921348,0.823529,0.951219,0.975,0.72093,0.755556,0.956098,0.903226,0.932203,1.0,0.860465,0.705882,0.964497,0.89726,0.96
36,34400,Quirk-Silva,Sharon,Assembly,67,Democrat,0.664286,0.976378,0.79661,0.869159,0.655738,0.851852,0.533333,0.968153,0.923913,1.0,0.876543,0.965116,0.86747,0.869565,0.513889,0.90625,0.711864,0.930556,0.929577,0.608247,0.973684,0.794872,0.584906,0.75,0.989247,0.902439,0.916667,0.714286,0.73913,0.909091,0.673267,0.705882,0.861111,0.866667,0.891304,0.952381,0.8,0.676471,0.89697,0.83,0.950704
37,35053,Mckinnor,Tina,Assembly,61,Democrat,0.757576,0.989474,0.638889,0.538462,0.387755,0.844444,0.278196,1.0,0.708333,1.0,0.972973,1.0,0.972222,0.990291,0.191176,0.836735,0.897959,0.882353,1.0,0.85,1.0,0.56,0.568627,0.597015,1.0,1.0,0.850746,0.927273,1.0,0.941176,0.594595,0.906977,1.0,0.885714,0.829268,1.0,0.6,0.794872,0.947761,0.985915,0.971429
38,35497,Ward,Chris,Assembly,78,Democrat,0.676923,0.962025,0.791209,0.813008,0.5,0.916667,0.335294,1.0,0.78,0.991379,1.0,0.95,0.977273,0.99187,0.220588,0.846154,0.92,0.888889,0.971429,0.803922,1.0,0.693878,0.629032,0.728261,0.97561,1.0,0.925926,0.903846,0.981132,0.97561,0.632,0.833333,0.933333,0.796875,0.795455,0.971429,0.685714,0.848485,0.983871,0.869159,0.932432
39,36368,Stern,Henry,Senate,27,Democrat,0.774818,0.947566,0.868132,0.704403,0.571429,0.895349,0.282805,0.992982,0.797753,0.968254,0.946667,0.956989,0.974026,0.963746,0.2657,0.811594,0.882979,0.957265,0.962963,0.738938,0.974843,0.648,0.642857,0.707483,0.985185,0.956522,0.897321,0.881818,0.969466,0.895028,0.665179,0.897436,0.961686,0.802198,0.803419,1.0,0.82377,0.619048,0.947368,0.883333,0.969231
40,36813,Cervantes,Sabrina,Assembly,58,Democrat,0.649123,0.992188,0.78125,0.764706,0.810811,0.84507,0.391667,0.944954,0.935065,1.0,0.942857,0.96,0.910714,0.947368,0.377358,0.909091,0.822222,0.952381,1.0,0.546667,0.984127,0.790323,0.530612,0.642857,1.0,0.972603,0.916667,0.717949,0.76,0.945205,0.597222,0.647059,0.903226,0.90625,0.923077,1.0,0.692308,0.64,0.945578,0.8625,0.951923
41,37359,Valencia,Avelino,Assembly,68,Democrat,0.735294,0.963636,0.615385,0.976744,0.84,0.847826,0.45,1.0,0.888889,1.0,1.0,1.0,0.966667,0.962963,0.321429,0.9375,0.9375,0.903226,1.0,0.813953,0.96,0.774194,0.625,0.666667,1.0,0.958333,0.911765,0.857143,0.9375,0.931035,0.586207,0.794118,1.0,0.913043,0.918919,1.0,0.580645,0.807692,0.983871,1.0,0.926829
42,100930,Flora,Heath,Assembly,9,Republican,0.316038,0.429577,0.736842,0.864078,0.890909,0.689655,0.871595,0.61326,0.934307,0.460784,0.5,0.558824,0.365385,0.391892,0.919708,0.717105,0.297872,0.636364,0.686747,0.403727,0.431818,0.903509,0.84127,0.837662,0.827586,0.544554,0.608696,0.353846,0.333333,0.416,0.846774,0.280702,0.372549,0.444444,0.958333,0.418919,0.895349,0.341463,0.346939,0.347826,0.580645
43,100931,Chen,Phillip,Assembly,59,Republican,0.306931,0.495327,0.75,0.875,0.839286,0.658824,0.862637,0.578947,0.967033,0.649123,0.757576,0.586207,0.447761,0.385714,0.954545,0.731343,0.384615,0.611111,0.641791,0.321839,0.534483,0.902778,0.714286,0.807018,0.84,0.613636,0.724138,0.442308,0.296875,0.4375,0.715686,0.48,0.458333,0.5,0.945455,0.357143,0.805825,0.416667,0.364286,0.430769,0.558559
44,100932,Rubio,Blanca,Assembly,48,Democrat,0.767772,0.993464,0.891892,0.9,0.722222,0.907692,0.467213,1.0,0.757143,1.0,0.971429,1.0,0.955556,0.963636,0.35,0.928571,0.875,0.933333,1.0,0.733668,1.0,0.638462,0.685185,0.75,1.0,0.96875,0.931035,0.909091,0.902439,0.902778,0.654762,0.898305,0.843373,0.935484,0.816901,1.0,0.790698,0.897436,0.951807,0.827068,0.977273
45,100935,Friedman,Laura,Assembly,44,Democrat,0.840796,0.994286,0.7875,0.704762,0.681818,0.881481,0.344203,1.0,0.761589,0.984615,0.979167,1.0,0.981982,0.988827,0.273333,0.875,0.835821,0.967391,1.0,0.786164,0.989247,0.65625,0.607143,0.726667,0.990099,0.991453,0.931035,0.930556,0.969697,0.940741,0.65493,0.946429,0.917808,0.921053,0.813333,1.0,0.832215,0.921053,0.945701,0.877814,0.985646
46,100936,Wiener,Scott,Senate,11,Democrat,0.762458,0.92562,0.896341,0.797297,0.618812,0.904255,0.334091,0.991632,0.712737,0.965517,0.965217,0.948864,0.985782,0.938725,0.318182,0.837004,0.893939,0.947674,0.940217,0.735238,0.960784,0.60424,0.648649,0.685083,0.983333,0.939759,0.846377,0.919679,0.966019,0.899225,0.651376,0.869565,0.971963,0.843478,0.761905,1.0,0.765152,0.702703,0.9329,0.869403,0.965649
47,100938,Kalra,Ash,Assembly,25,Democrat,0.842857,0.985782,0.813084,0.609442,0.472222,0.844595,0.252551,1.0,0.790323,0.984615,0.969231,0.972973,0.987261,0.979866,0.172775,0.888889,0.897436,0.938144,0.975207,0.834711,0.97561,0.588235,0.546154,0.621005,0.98,0.983051,0.911602,0.972222,0.978022,0.975309,0.558824,0.944444,0.952703,0.901408,0.814815,0.990291,0.692308,0.904762,0.965517,0.909604,0.966805
48,100939,Fong,Vince,Assembly,32,Republican,0.304569,0.417526,0.818182,0.870968,0.890909,0.678322,0.87619,0.597938,0.95,0.326923,0.527273,0.387097,0.342342,0.147783,0.912621,0.727273,0.269231,0.521008,0.582524,0.300654,0.329897,0.934307,0.8,0.840278,0.771429,0.623656,0.621622,0.320988,0.189189,0.330709,0.745902,0.33871,0.275,0.391304,0.865854,0.283951,0.892562,0.302326,0.280851,0.36478,0.545
49,100941,Newman,Josh,Senate,29,Democrat,0.72549,0.944444,0.805556,0.81982,0.621622,0.859756,0.396761,0.964567,0.834646,0.960317,0.904762,0.902778,0.938053,0.964758,0.361905,0.834951,0.88,0.973214,0.947917,0.648649,0.9375,0.792453,0.61194,0.721053,0.987261,0.901515,0.872093,0.802083,0.88785,0.889571,0.785235,0.75,0.914062,0.711538,0.815217,1.0,0.739837,0.483871,0.919355,0.870588,0.949807
50,100944,Berman,Marc,Assembly,23,Democrat,0.824176,0.977273,0.767857,0.728571,0.6875,0.84375,0.370166,1.0,0.765766,1.0,0.973684,1.0,0.9875,0.931973,0.264368,0.84,0.8125,0.941176,1.0,0.775701,0.966667,0.659341,0.610169,0.716312,1.0,0.988506,0.933962,0.882353,0.957747,0.875,0.653226,0.890909,0.932584,0.886364,0.771429,1.0,0.75,0.818182,0.933333,0.876033,0.977778
51,100945,Bradford,Steven,Senate,35,Democrat,0.76908,0.921147,0.843478,0.770492,0.635659,0.907895,0.365915,0.994429,0.718023,0.942623,0.953488,0.942308,0.977654,0.966321,0.333333,0.820513,0.891089,0.957983,0.966102,0.732252,0.971591,0.604651,0.609091,0.659574,0.976608,0.955882,0.878431,0.906103,0.965909,0.929752,0.699571,0.871622,0.959596,0.88,0.763514,1.0,0.794643,0.681159,0.948787,0.866412,0.980822
52,101329,Grayson,Timothy,Assembly,15,Democrat,0.735714,0.968254,0.810811,0.830986,0.74,0.88764,0.49162,0.981308,0.84,1.0,0.951219,0.945946,0.910256,0.920863,0.468354,0.791667,0.774648,0.916667,0.909091,0.785124,0.984127,0.783133,0.609091,0.717172,1.0,0.968085,0.939024,0.884615,0.888889,0.948718,0.588235,0.826087,0.916667,0.906977,0.893939,0.983333,0.707143,0.836364,0.904762,0.844828,0.942857
53,101330,Caballero,Anna,Senate,14,Democrat,0.6875,0.913514,0.885246,0.822917,0.517007,0.770115,0.385666,0.97076,0.852941,0.929204,0.966667,0.937008,0.893333,0.915,0.362637,0.929412,0.79661,0.954545,0.934783,0.653226,0.933333,0.7,0.606838,0.70354,1.0,0.877698,0.833333,0.768293,0.82716,0.893443,0.636364,0.763636,0.879433,0.771084,0.8,1.0,0.712575,0.470588,0.888889,0.753012,0.907767
54,101332,Aguiar-Curry,Cecilia,Assembly,4,Democrat,0.773256,0.920863,0.777778,0.76,0.666667,0.810526,0.384181,1.0,0.819048,0.982759,0.973684,0.953488,0.988889,0.966216,0.272727,0.863095,0.785714,0.939597,0.958763,0.77451,1.0,0.708333,0.6875,0.708108,0.991071,0.988235,0.849206,0.918919,0.951219,0.928571,0.651899,0.86,0.935484,0.914286,0.819672,1.0,0.715232,0.846154,0.953368,0.88189,0.941909
55,112993,Alvarez,David,Assembly,80,Democrat,0.826087,0.982143,0.645161,0.789474,0.636364,0.866667,0.391304,1.0,0.842105,1.0,1.0,1.0,0.96,0.981481,0.266667,0.9375,0.8125,0.892857,1.0,0.84,0.921053,0.612903,0.75,0.738095,1.0,0.96875,0.928571,0.878788,0.972973,0.896552,0.685185,0.823529,1.0,0.904762,0.852941,1.0,0.6875,0.807692,0.986301,0.921569,0.957447
56,113915,Smallwood-Cuevas,Lola,Senate,28,Democrat,0.86087,0.927778,0.76,0.676923,0.348837,0.813953,0.220994,0.992958,0.702128,0.98913,0.957747,0.877551,0.982456,0.977273,0.172414,0.848837,0.905882,0.982759,0.951613,0.863014,0.925926,0.534884,0.5,0.597403,0.989583,0.954545,0.888889,0.90411,0.987179,0.923077,0.6125,0.942857,0.966667,0.925,0.728814,1.0,0.594203,0.62963,0.967136,0.928571,0.973451
57,120720,Nguyen,Stephanie,Assembly,10,Democrat,0.503937,0.956522,0.666667,0.903226,0.714286,0.865385,0.534483,1.0,0.880342,0.978723,1.0,1.0,0.954545,0.942029,0.333333,0.833333,0.84375,0.857143,1.0,0.595238,1.0,0.792793,0.6,0.673469,1.0,0.965517,0.87234,0.631579,0.6,0.820513,0.78481,0.526786,0.962963,0.793651,0.908333,1.0,0.682927,0.490909,0.893617,0.882353,0.934783
58,133512,Patterson,Joe,Assembly,5,Republican,0.263889,0.371795,0.962963,0.923077,0.738095,0.761905,0.798246,0.602564,0.96,0.405797,0.555556,0.7,0.486486,0.328358,0.95,0.75,0.352941,0.643836,0.735294,0.333333,0.25,1.0,0.764706,0.8,0.736842,0.45,0.5,0.610169,0.380952,0.272727,0.807229,0.45,0.319149,0.633803,1.0,0.362069,0.811321,0.411765,0.36,0.290909,0.5625
59,144588,Carrillo,Wendy,Assembly,52,Democrat,0.783394,0.95092,0.793103,0.807692,0.675325,0.868056,0.350598,1.0,0.782828,0.991071,0.982759,0.95283,0.972789,0.982684,0.342342,0.857143,0.838095,0.922222,0.990654,0.840741,1.0,0.617143,0.564706,0.676829,0.974843,0.992908,0.874346,0.914894,0.976744,0.941606,0.638889,0.868687,0.983051,0.921569,0.772277,1.0,0.721804,0.85,0.989286,0.905882,0.964912
60,149519,Pellerin,Gail,Assembly,28,Democrat,0.802083,0.989011,0.827586,0.795699,0.695652,0.881579,0.372781,1.0,0.75,0.983784,1.0,0.984375,0.96875,0.99,0.293478,0.857143,0.898305,0.90625,1.0,0.853448,0.98,0.637931,0.716667,0.752577,0.984127,0.981481,0.927083,0.908257,0.97561,0.984848,0.731707,0.846154,0.928571,0.923077,0.857143,1.0,0.755556,0.851351,0.992754,0.909677,0.947917
61,149649,Ramos,James,Assembly,45,Democrat,0.7,0.942308,0.744681,0.946429,0.72,0.820513,0.534483,1.0,0.888889,0.945455,0.956522,0.952381,0.965517,0.934783,0.407407,0.933333,0.904762,0.888889,1.0,0.780488,0.954545,0.95,0.740741,0.725806,1.0,0.952381,0.909091,0.861111,0.851852,0.846154,0.647059,0.787879,0.928571,0.826087,0.967742,1.0,0.666667,0.8,0.949153,0.944444,0.904762
62,160858,Gabriel,Jesse,Assembly,46,Democrat,0.837209,0.984615,0.674419,0.723077,0.604651,0.87234,0.27,1.0,0.823529,1.0,0.972973,0.982456,0.955556,0.97619,0.218182,0.95,0.972973,0.92,1.0,0.833333,1.0,0.531915,0.526316,0.679487,0.96875,1.0,0.90566,0.916667,0.933333,0.954545,0.58209,0.897436,0.979167,0.907407,0.763158,1.0,0.674419,0.888889,0.99,0.933333,0.95
63,161477,Rivas,Luz,Assembly,43,Democrat,0.931035,0.983607,0.794118,0.705882,0.675676,0.90566,0.284211,1.0,0.75,0.985714,0.961538,1.0,0.972222,0.987952,0.277778,0.935484,0.967742,0.954545,1.0,0.86,1.0,0.571429,0.522727,0.670455,1.0,1.0,0.928571,0.928571,0.955556,0.972603,0.6,0.911765,0.947368,0.928571,0.741935,1.0,0.712121,0.88,0.968085,0.861386,0.95082
64,162481,Lee,Alex,Assembly,24,Democrat,0.9,0.986486,0.680851,0.818182,0.535714,0.867647,0.333333,1.0,0.693878,1.0,1.0,0.94,0.978723,1.0,0.2,0.825,0.904762,0.909091,0.96875,0.921569,0.978261,0.576923,0.542857,0.732143,1.0,1.0,0.939394,0.941176,1.0,0.959184,0.625,0.9,1.0,0.928571,0.78125,0.97561,0.681818,0.857143,0.990099,0.968254,0.971831
65,164206,Lowenthal,Josh,Assembly,69,Democrat,0.697917,0.977528,0.616667,0.813559,0.648649,0.878378,0.270833,1.0,0.753425,1.0,1.0,1.0,0.94,0.978495,0.25,0.828571,0.839286,0.92,1.0,0.806818,1.0,0.603175,0.647059,0.69697,0.981481,0.981818,0.90411,0.90411,0.983607,0.916667,0.7,0.852459,0.982143,0.817204,0.789474,1.0,0.649123,0.84,0.968254,0.944444,0.97619
66,164699,Cortese,Dave,Senate,15,Democrat,0.747967,0.907104,0.807229,0.849558,0.421053,0.86747,0.285714,0.977941,0.77193,0.941667,0.9625,0.903226,0.944444,0.95045,0.215385,0.840909,0.907895,0.953488,0.95082,0.775,0.928571,0.521739,0.45098,0.642105,1.0,0.902778,0.845361,0.833333,0.939759,0.929032,0.579439,0.888889,0.921053,0.826087,0.731343,1.0,0.6,0.533333,0.926829,0.842105,0.903846
67,165034,Archuleta,Bob,Senate,30,Democrat,0.696078,0.910891,0.754386,0.844828,0.575,0.833333,0.266129,0.982609,0.844444,0.944444,1.0,0.893617,0.861111,0.915094,0.311111,0.792453,0.886364,0.948718,0.972973,0.757576,0.916667,0.666667,0.588235,0.703125,0.978723,0.862745,0.764706,0.813559,0.907692,0.888889,0.753425,0.758621,0.919355,0.767442,0.74,1.0,0.679245,0.448276,0.885965,0.860759,0.940476
68,165035,Bauer-Kahan,Rebecca,Assembly,16,Democrat,0.60274,0.984375,0.634146,0.716981,0.466667,0.869565,0.290909,0.981481,0.76087,0.974359,0.967742,0.967742,0.942857,0.969231,0.246575,0.941176,0.941176,0.914286,1.0,0.777778,1.0,0.638889,0.619048,0.679245,1.0,0.964912,0.823529,0.923077,0.983051,0.939394,0.723684,0.837209,0.948052,0.807229,0.794872,1.0,0.714286,0.8125,0.964706,0.926606,0.936508
69,165039,Hurtado,Melissa,Senate,16,Democrat,0.657407,0.875969,0.77551,0.8,0.447368,0.818182,0.339286,0.943038,0.882353,0.752,0.904762,0.90566,0.886364,0.888889,0.254545,0.847826,0.823529,0.965517,0.961538,0.542857,0.893333,0.833333,0.754717,0.72619,0.970297,0.875,0.711111,0.7,0.846154,0.852941,0.841584,0.676471,0.642857,0.744186,0.877551,1.0,0.781609,0.241379,0.875,0.666667,0.964286
70,165040,Petrie-Norris,Cottie,Assembly,73,Democrat,0.75,1.0,0.678571,0.906977,0.826087,0.87234,0.4,0.964912,0.885714,0.983333,1.0,0.967742,0.969697,1.0,0.387097,0.964286,0.928571,0.875,1.0,0.8125,1.0,0.703704,0.782609,0.823529,1.0,0.96,0.911765,0.857143,0.95,0.958333,0.711111,0.783784,0.948718,0.92,0.848485,0.966667,0.740741,0.766667,1.0,0.958333,0.914894
71,165041,Rivas,Robert,Assembly,29,Democrat,0.885246,1.0,0.682927,0.753846,0.571429,0.842105,0.288889,1.0,0.693878,0.984848,1.0,0.976744,0.972973,0.984848,0.181818,0.923077,0.926829,0.916667,1.0,0.884058,1.0,0.65625,0.702703,0.727273,1.0,1.0,0.924528,0.925926,0.953488,0.95,0.661972,0.882353,0.975,0.933333,0.815789,1.0,0.690476,0.875,1.0,0.980769,0.953125
72,165042,Rubio,Susan,Senate,22,Democrat,0.75,0.893443,0.804348,0.816667,0.378378,0.84127,0.287671,0.992366,0.8,0.959596,0.974359,0.923077,0.945946,0.927928,0.296296,0.858696,0.876923,0.974684,0.953488,0.716216,0.942857,0.705882,0.631579,0.661538,1.0,0.882353,0.722892,0.810811,0.971429,0.888889,0.807692,0.78125,0.935065,0.795918,0.788462,1.0,0.69697,0.4,0.915493,0.898876,0.977444
73,165043,Umberg,Thomas,Senate,34,Democrat,0.69697,0.890909,0.840909,0.769231,0.37931,0.852941,0.220264,0.985915,0.818182,0.955882,0.983871,0.943925,0.918367,0.925926,0.173333,0.881356,0.921875,0.944444,0.945455,0.731707,0.928571,0.681818,0.56,0.732759,1.0,0.886792,0.823529,0.848837,0.948052,0.884058,0.680672,0.860465,0.932584,0.747126,0.80303,1.0,0.661765,0.451613,0.865497,0.857143,0.905797
74,165044,Wicks,Buffy,Assembly,14,Democrat,0.655172,0.970588,0.784615,0.802083,0.530612,0.859649,0.32,1.0,0.788732,0.983871,1.0,0.962025,0.954545,0.988235,0.28169,0.916667,0.926829,0.877551,1.0,0.852273,1.0,0.660714,0.686275,0.7875,0.980392,0.977778,0.90566,0.91358,0.984375,0.984375,0.709402,0.830769,0.92,0.833333,0.792453,1.0,0.736842,0.857143,0.979167,0.893617,0.897436
75,165414,Glazer,Steven,Senate,7,Democrat,0.718992,0.840964,0.806723,0.822335,0.680556,0.835088,0.531532,0.943601,0.844885,0.956044,0.844037,0.88,0.889344,0.735484,0.54491,0.834008,0.705882,0.924731,0.843602,0.624294,0.779343,0.732601,0.775,0.767726,0.981685,0.876543,0.825658,0.787097,0.846591,0.70936,0.807074,0.668421,0.905473,0.791667,0.840909,0.947761,0.825175,0.530612,0.768421,0.832258,0.928261
76,165415,Dahle,Megan,Assembly,1,Republican,0.285714,0.30303,0.8125,0.833333,0.956522,0.661538,0.906977,0.445652,0.959184,0.178571,0.4,0.371429,0.428571,0.265625,0.926829,0.65625,0.452381,0.407407,0.571429,0.333333,0.219512,1.0,0.925926,0.951219,0.730769,0.617647,0.648148,0.25641,0.166667,0.333333,0.833333,0.25,0.166667,0.521739,0.941176,0.137931,0.926829,0.241379,0.242424,0.370968,0.466667
77,165416,Ortega,Liz,Assembly,20,Democrat,0.757009,1.0,0.604651,0.727273,0.666667,0.928571,0.275168,1.0,0.65812,1.0,1.0,0.947368,0.95,0.993007,0.232143,0.888889,0.940298,0.934783,1.0,0.772455,0.983607,0.53271,0.583333,0.644068,1.0,0.965517,0.939024,0.880734,0.936842,0.985294,0.653333,0.797753,1.0,0.835443,0.698925,1.0,0.553191,0.790123,0.99359,1.0,0.968085
78,165417,Bennett,Steve,Assembly,38,Democrat,0.762712,0.952381,0.575758,0.692308,0.64,0.863636,0.3125,1.0,0.733333,1.0,1.0,1.0,0.928571,1.0,0.238095,0.931035,0.933333,0.90625,1.0,0.823529,0.964286,0.625,0.722222,0.765957,1.0,1.0,0.897959,0.914894,0.972973,0.962963,0.728814,0.8,0.954545,0.829268,0.777778,1.0,0.6875,0.827586,1.0,0.946667,0.954545
79,165418,Reyes,Eloise GÃ³mez,Assembly,50,Democrat,0.767327,0.985185,0.795181,0.563636,0.532258,0.864865,0.320796,1.0,0.787645,0.982143,0.973684,0.986486,0.981567,0.984026,0.223744,0.875,0.893443,0.946309,1.0,0.731148,0.984375,0.690678,0.545455,0.668161,0.993865,0.984375,0.927928,0.805882,0.891892,0.958824,0.627551,0.728395,0.94898,0.889831,0.858824,1.0,0.774011,0.666667,0.947781,0.872428,0.985337
80,165419,Sanchez,Kate,Assembly,71,Republican,0.319328,0.298387,0.716049,0.835938,0.806452,0.684211,0.901554,0.542857,0.912088,0.389381,0.561404,0.522222,0.450704,0.297872,0.88172,0.747253,0.319444,0.573333,0.696429,0.451613,0.245902,0.972603,0.828571,0.818182,0.8,0.6,0.5,0.457143,0.280488,0.44186,0.835821,0.445652,0.223881,0.671642,0.970588,0.308824,0.896104,0.460526,0.314607,0.333333,0.455128
81,165420,Hoover,Josh,Assembly,7,Republican,0.372549,0.339286,0.938776,0.960784,0.826087,0.775862,0.887218,0.627451,0.938776,0.503876,0.733333,0.724138,0.7,0.353846,0.901408,0.814815,0.34375,0.52,0.529412,0.468085,0.333333,0.926829,0.862069,0.9,0.85,0.428571,0.583333,0.5625,0.358491,0.173333,0.818182,0.512195,0.328947,0.709091,0.928571,0.434783,0.9375,0.5,0.371429,0.345133,0.574468
82,165421,Boerner Horvath,Tasha,Assembly,77,Democrat,0.734694,0.936842,0.628571,0.761905,0.576923,0.84,0.309278,1.0,0.851064,0.982456,0.966102,0.935484,0.971429,0.986111,0.275,0.904762,0.921053,0.90566,1.0,0.8,1.0,0.694444,0.619048,0.672131,0.978723,1.0,0.857143,0.906977,0.95,0.949153,0.727273,0.833333,0.969697,0.925926,0.833333,1.0,0.603774,0.806452,0.981481,0.979167,0.934211
83,165422,Bonta,Mia,Assembly,18,Democrat,0.861111,0.973684,0.53125,0.74359,0.608696,0.878378,0.3,1.0,0.570093,1.0,1.0,1.0,0.941176,0.970588,0.205128,0.873239,0.829787,0.9375,0.935484,0.835443,0.957447,0.419753,0.71875,0.770833,1.0,0.972973,0.883117,0.945946,0.974026,0.888889,0.723077,0.880952,1.0,0.909091,0.623377,1.0,0.780488,0.819277,1.0,0.928571,0.978495
84,165423,Papan,Diane,Assembly,21,Democrat,0.764045,0.978022,0.618182,0.688312,0.586957,0.842105,0.277778,1.0,0.782609,1.0,1.0,1.0,0.945455,0.979381,0.217949,0.894737,0.915254,0.903846,1.0,0.829545,1.0,0.650794,0.589744,0.644737,0.980392,1.0,0.88,0.895522,0.969231,0.97,0.72043,0.828125,0.984375,0.859155,0.843137,1.0,0.583333,0.840909,0.977273,0.956989,0.956044
85,165424,Bains,Jasmeet,Assembly,35,Democrat,0.675676,0.90566,0.625,0.904762,0.928571,0.829787,0.528302,0.948276,0.953488,0.860465,0.96,0.969697,0.9375,0.911111,0.461538,0.972222,0.862069,0.875,1.0,0.666667,0.95,0.769231,0.727273,0.829268,1.0,1.0,0.868421,0.697674,0.866667,0.846154,0.72,0.666667,0.772727,0.846154,0.916667,0.969697,0.793103,0.545455,0.882353,0.823529,0.902439
86,165425,Connolly,Damon,Assembly,12,Democrat,0.802469,0.975309,0.642857,0.535211,0.403226,0.84127,0.309392,1.0,0.736842,0.984,0.975,1.0,0.97561,0.988889,0.23913,0.951219,0.938776,0.897436,1.0,0.850746,1.0,0.676471,0.693878,0.709677,1.0,1.0,0.858974,0.933333,0.984375,0.985915,0.736842,0.886792,0.971014,0.912281,0.820513,1.0,0.724138,0.853659,0.973913,0.95,0.963415
87,165426,Calderon,Lisa,Assembly,56,Democrat,0.8125,0.990196,0.690909,0.818182,0.74359,0.905882,0.391304,1.0,0.802817,0.982906,1.0,0.982759,0.975,0.981651,0.363636,0.885246,0.934426,0.907692,1.0,0.86,1.0,0.637931,0.666667,0.683544,0.988889,0.961538,0.926316,0.910112,0.97619,1.0,0.666667,0.842105,0.983333,0.934783,0.892857,1.0,0.609375,0.854839,1.0,0.91954,0.975
88,165427,Hart,Gregg,Assembly,37,Democrat,0.781609,0.96875,0.661765,0.818182,0.769231,0.876712,0.35625,1.0,0.792683,1.0,1.0,0.983051,0.967742,1.0,0.287671,0.907692,0.910714,0.884615,1.0,0.858586,1.0,0.647059,0.661538,0.689655,0.983607,0.982143,0.92,0.909091,0.986667,0.976744,0.690265,0.84,0.9625,0.882353,0.852459,1.0,0.59375,0.861538,0.971631,0.936508,0.957447
89,165428,Carrillo,Juan,Assembly,39,Democrat,0.758621,0.951613,0.692308,0.854545,0.714286,0.866667,0.434211,1.0,0.829787,1.0,1.0,1.0,0.970588,0.982143,0.315789,0.891892,0.935484,0.903226,1.0,0.792453,0.96,0.697674,0.727273,0.741379,1.0,1.0,0.916667,0.826087,0.978261,0.918367,0.685393,0.804878,0.953488,0.766667,0.853659,1.0,0.7,0.764706,0.951807,0.924528,0.944444
90,165429,Zbur,Rick Chavez,Assembly,51,Democrat,0.666667,0.984375,0.708333,0.819672,0.6,0.909091,0.434343,1.0,0.681319,0.980583,1.0,0.955556,0.936508,1.0,0.277778,0.868421,0.95,0.880952,1.0,0.715328,1.0,0.613924,0.65625,0.75,1.0,1.0,0.881356,0.784884,0.793388,0.958333,0.775281,0.673077,0.971831,0.825,0.802632,1.0,0.736842,0.64375,0.967033,0.90566,0.96875
91,165430,Pacheco,Blanca,Assembly,64,Democrat,0.710526,0.967213,0.740741,0.783133,0.546875,0.824561,0.363636,1.0,0.891304,0.987179,0.967742,0.96,0.942857,0.970588,0.321429,0.976744,0.925,0.878788,1.0,0.783333,1.0,0.741935,0.776119,0.759036,1.0,0.986111,0.833333,0.857143,0.926829,0.9,0.697917,0.808511,0.978261,0.867925,0.897436,1.0,0.716667,0.7,0.952381,0.983051,0.925373
92,165431,Ta,Tri,Assembly,70,Republican,0.361702,0.375,0.897436,0.90566,0.888889,0.73913,0.941176,0.466667,0.934426,0.443038,0.71875,0.617647,0.555556,0.382353,0.962264,0.733333,0.4375,0.641026,0.75,0.567164,0.290323,0.926829,0.882353,0.882353,0.847826,0.564103,0.613636,0.57971,0.361702,0.378378,0.806452,0.54902,0.27907,0.702703,0.955556,0.269231,0.9375,0.553571,0.361111,0.327869,0.555556
93,165432,Weber,Akilah,Assembly,79,Democrat,0.8,0.946429,0.638298,0.810345,0.727273,0.848101,0.300699,1.0,0.769231,1.0,1.0,1.0,0.962963,0.977528,0.295082,0.909091,0.873016,0.865169,0.963636,0.835294,0.981132,0.617021,0.634146,0.666667,0.971831,1.0,0.837209,0.930556,0.968254,0.947368,0.740741,0.857143,0.963636,0.9,0.833333,1.0,0.655738,0.844444,1.0,0.945055,0.983607
94,165433,Alvarado-Gil,Marie,Senate,4,Democrat,0.54902,0.588235,0.833333,0.921875,0.75,0.794521,0.734513,0.830986,0.897959,0.567164,0.769231,0.836735,0.659091,0.5,0.763158,0.666667,0.568182,0.77551,0.675676,0.452055,0.433333,0.925,0.821429,0.794118,0.926829,0.608696,0.7,0.532258,0.637681,0.491228,0.859155,0.585366,0.62,0.666667,0.88,0.857143,0.851852,0.21875,0.556391,0.508475,0.816327
95,165434,Ashby,Angelique,Senate,8,Democrat,0.718563,0.889571,0.807692,0.757282,0.467532,0.853933,0.270588,0.983333,0.779412,0.960526,0.986301,0.934211,0.923077,0.913043,0.208791,0.811765,0.918919,0.953125,0.953846,0.72381,0.907407,0.685185,0.576923,0.728972,1.0,0.885965,0.822581,0.84375,0.966292,0.913043,0.73913,0.810345,0.934579,0.741935,0.797101,1.0,0.7,0.472222,0.844221,0.883721,0.955975
96,165435,Padilla,Steve,Senate,18,Democrat,0.727273,0.885714,0.851852,0.851852,0.357143,0.883333,0.30719,1.0,0.729167,0.957627,0.973684,0.945652,0.947368,0.90991,0.1875,0.833333,0.897959,0.97619,0.951219,0.72973,0.927536,0.611111,0.590909,0.710843,1.0,0.897959,0.835616,0.825397,0.984127,0.84127,0.631579,0.862069,0.882353,0.842105,0.729167,1.0,0.68254,0.4375,0.922414,0.82906,0.926316
97,165436,Menjivar,Caroline,Senate,20,Democrat,0.789474,0.88961,0.821429,0.808989,0.391304,0.851852,0.238636,0.99422,0.740741,0.93985,0.978723,0.942857,0.962963,0.902439,0.166667,0.868687,0.835616,0.966292,0.944444,0.75,0.935897,0.585366,0.660377,0.720721,1.0,0.918033,0.834783,0.845238,0.969072,0.813333,0.775701,0.9,0.872093,0.86,0.75,1.0,0.694118,0.533333,0.91018,0.819672,0.957055
98,165437,Wahab,Aisha,Senate,10,Democrat,0.727679,0.881356,0.838384,0.829457,0.466667,0.881818,0.268722,0.986842,0.753731,0.962687,0.986842,0.964286,0.939394,0.931818,0.211268,0.811881,0.907895,0.943182,0.972973,0.751055,0.954955,0.58427,0.578125,0.735294,1.0,0.929412,0.836735,0.866279,0.953488,0.927419,0.653333,0.809524,0.944444,0.765432,0.7625,1.0,0.731183,0.633333,0.878505,0.881818,0.953846
99,165438,Addis,Dawn,Assembly,30,Democrat,0.84,0.986301,0.657143,0.777778,0.576923,0.851064,0.409639,1.0,0.734694,1.0,1.0,1.0,0.967742,0.984848,0.266667,0.933333,0.939394,0.909091,1.0,0.854545,0.961538,0.6,0.655172,0.695652,1.0,1.0,0.906977,0.938776,0.978261,0.942857,0.666667,0.883721,0.98,0.966667,0.810811,1.0,0.727273,0.861111,1.0,0.905882,0.982143
100,165439,Wallis,Greg,Assembly,47,Republican,0.552632,0.491803,0.829787,0.925,0.818182,0.723404,0.833333,0.813559,0.976744,0.64557,0.787879,0.724138,0.764706,0.542373,0.73913,0.969697,0.518519,0.724138,0.814815,0.604167,0.604651,0.918919,0.888889,0.945946,0.862069,0.689655,0.676471,0.619048,0.55814,0.734694,0.87931,0.631579,0.54,0.703704,0.928571,1.0,0.90625,0.517241,0.462687,0.492308,0.733333
101,165440,Bryan,Isaac,Assembly,55,Democrat,0.788462,0.975,0.704918,0.726316,0.454545,0.891089,0.310502,1.0,0.651515,0.986577,0.980392,0.984127,0.963415,0.992366,0.282828,0.893939,0.925373,0.924242,1.0,0.868293,1.0,0.514019,0.693548,0.712766,0.988506,0.976744,0.914729,0.955975,0.982609,0.971831,0.688525,0.908333,0.945946,0.871287,0.735294,1.0,0.671053,0.841121,0.988024,0.950495,0.976744
102,165441,Jones-Sawyer,Reginald Byron,Assembly,57,Democrat,0.774403,0.984252,0.730769,0.648936,0.711864,0.906863,0.364,1.0,0.670886,1.0,0.983607,1.0,0.961905,0.968182,0.275862,0.927419,0.851064,0.963235,0.960317,0.765996,0.982456,0.545714,0.5625,0.668293,0.992647,0.967949,0.872483,0.942308,0.934426,0.955975,0.560606,0.801802,0.938053,0.9,0.733668,0.992806,0.802817,0.854369,0.946565,0.888889,0.990868
103,165442,Niello,Roger,Senate,6,Republican,0.303448,0.179856,0.736842,0.782051,0.852941,0.714286,0.824742,0.520661,0.830769,0.214953,0.431373,0.436364,0.244898,0.187097,0.873016,0.492754,0.213115,0.369565,0.520833,0.313253,0.186813,0.958333,0.878049,0.72619,0.542373,0.408163,0.308511,0.316456,0.242857,0.496124,0.78125,0.409091,0.275,0.463415,0.876923,0.179487,0.830769,0.15625,0.0903614,0.230769,0.382114
104,165443,Jackson,Corey ,Assembly,60,Democrat,0.816901,0.961538,0.609756,0.769231,0.608696,0.890411,0.385714,1.0,0.694444,1.0,0.966667,1.0,0.964286,0.969231,0.285714,0.816327,0.815789,0.923077,0.966667,0.837209,1.0,0.561404,0.730769,0.78,1.0,0.972222,0.898551,0.90625,0.983333,0.872727,0.71831,0.885246,0.953488,0.852941,0.7,1.0,0.767442,0.823529,0.969388,0.901961,0.979167
105,165444,Essayli,Bill,Assembly,63,Republican,0.285714,0.147541,0.857143,0.790698,0.833333,0.608696,0.788235,0.453125,0.902439,0.25,0.675,0.37931,0.354839,0.196721,0.96875,0.45,0.323529,0.458333,0.571429,0.311111,0.0645161,0.84,0.741935,0.8,0.775,0.609756,0.492308,0.205882,0.228571,0.138889,0.85,0.258065,0.269231,0.488889,0.923077,0.2,0.787879,0.181818,0.102564,0.2,0.457627
106,165445,Durazo,Maria Elena,Senate,26,Democrat,0.761589,0.970443,0.77027,0.669643,0.383721,0.871795,0.206522,0.981013,0.745763,0.986014,0.985714,0.904762,0.984127,0.980469,0.165049,0.861538,0.933333,0.964912,0.95,0.8625,0.944882,0.489362,0.574713,0.609023,1.0,0.905172,0.889908,0.917647,0.988506,0.959064,0.619048,0.955556,0.980392,0.781609,0.72973,1.0,0.578947,0.689655,0.978814,0.92437,0.951389
107,165446,Seyarto,Kelly,Senate,32,Republican,0.27439,0.208333,0.674419,0.695652,0.793103,0.701299,0.896175,0.456897,0.873563,0.185393,0.482759,0.513761,0.2,0.2,0.891892,0.470588,0.254545,0.365854,0.483333,0.305556,0.19,0.958333,0.797619,0.701493,0.546667,0.350877,0.340206,0.33945,0.235955,0.642424,0.764331,0.3125,0.201681,0.464286,0.881579,0.111111,0.823529,0.272727,0.116438,0.213415,0.416667
108,165447,Villapudua,Carlos,Assembly,13,Democrat,0.762712,0.984848,0.736842,0.916667,0.807692,0.8,0.48913,1.0,0.824561,0.985714,1.0,0.972973,0.975,0.984848,0.487179,0.893333,0.9,0.910448,1.0,0.860759,0.969697,0.714286,0.782609,0.824561,1.0,0.916667,0.884615,0.925373,0.951219,0.947368,0.736842,0.830189,0.939394,0.95,0.866667,1.0,0.755556,0.846154,1.0,0.903226,0.951807
109,165448,Eggman,Susan Talamantes,Senate,5,Democrat,0.762712,0.934524,0.902174,0.740964,0.585034,0.891304,0.39693,0.991501,0.773663,0.903226,0.958904,0.935065,0.994624,0.931596,0.407407,0.794595,0.798561,0.978022,0.940397,0.727941,0.947368,0.668293,0.616071,0.710098,0.99422,0.932292,0.859459,0.878049,0.956522,0.886699,0.655172,0.755102,0.916084,0.867925,0.829457,0.994286,0.860759,0.627907,0.871875,0.859611,0.987055
110,165449,Becker,Josh,Senate,13,Democrat,0.706422,0.82906,0.803279,0.783333,0.363636,0.844828,0.328947,1.0,0.763636,0.945312,0.974359,0.924528,0.945946,0.925,0.344828,0.8,0.86,0.973684,0.956522,0.741176,0.928571,0.52381,0.578947,0.710145,1.0,0.882353,0.794521,0.819444,0.957747,0.920354,0.746988,0.8,0.923077,0.813953,0.672414,1.0,0.703125,0.5,0.796992,0.862903,0.967742
111,165450,Ochoa Bogh,Rosilicie,Senate,23,Republican,0.330882,0.326733,0.739726,0.843137,0.744186,0.842105,0.823077,0.745098,0.931818,0.333333,0.650794,0.686747,0.488372,0.212963,0.769231,0.575,0.325581,0.483871,0.638889,0.352113,0.336957,0.967742,0.777778,0.769231,0.878261,0.488372,0.536082,0.428571,0.481928,0.283019,0.758621,0.510204,0.294118,0.534884,0.915254,0.142857,0.783333,0.205882,0.40708,0.291667,0.652632
112,165451,Min,Dave,Senate,37,Democrat,0.62037,0.925,0.784314,0.710526,0.415094,0.85,0.252475,0.976923,0.849057,0.945578,0.979592,0.928571,0.9,0.931298,0.242857,0.867925,0.901639,0.9375,0.909091,0.686567,0.894737,0.757576,0.644444,0.705128,1.0,0.88764,0.715909,0.782609,0.927536,0.907895,0.755556,0.833333,0.898148,0.793651,0.862745,1.0,0.728571,0.346154,0.909091,0.861842,0.942857
113,165452,Gonzalez,Lena,Senate,33,Democrat,0.747967,0.884892,0.759259,0.734375,0.319149,0.814286,0.2,1.0,0.754386,0.945122,0.932203,0.927273,0.931818,0.935714,0.166667,0.878788,0.852941,0.95,0.944444,0.794521,0.967742,0.560976,0.685185,0.710843,1.0,0.923077,0.77381,0.866667,0.969697,0.884615,0.8,0.892857,0.938596,0.777778,0.672414,1.0,0.783133,0.538462,0.93038,0.879747,0.977941
114,165453,Haney,Matt,Assembly,17,Democrat,0.754545,0.96,0.711864,0.62,0.447761,0.829268,0.263158,1.0,0.789474,1.0,0.983333,0.981481,0.985507,0.993865,0.236559,0.893617,0.885057,0.920455,0.961538,0.882353,1.0,0.688889,0.705128,0.67,1.0,0.989474,0.864865,0.942308,0.984848,0.965116,0.643478,0.876712,1.0,0.914286,0.836364,1.0,0.611111,0.854839,0.983871,0.983871,0.968
115,165454,Wilson,Lori,Assembly,11,Democrat,0.560976,0.921053,0.72973,0.873684,0.534884,0.887097,0.419118,1.0,0.757576,0.987805,1.0,0.955882,0.980392,1.0,0.276596,0.888889,0.897436,0.869565,0.972973,0.695652,1.0,0.72,0.666667,0.666667,0.975,1.0,0.875,0.762963,0.714286,0.965517,0.673913,0.655738,0.957447,0.803279,0.85124,0.978261,0.588235,0.655172,0.940594,0.95082,0.916667
116,165455,Fong,Mike,Assembly,49,Democrat,0.793103,1.0,0.672727,0.805195,0.72973,0.866667,0.366197,1.0,0.775281,1.0,0.97561,0.981818,0.96875,1.0,0.328125,0.876923,0.912281,0.903226,1.0,0.87069,1.0,0.644068,0.714286,0.736111,0.984375,0.983051,0.924051,0.917526,0.971429,0.984127,0.681319,0.844156,1.0,0.94,0.836066,1.0,0.685185,0.875,0.993007,0.986842,0.968421
117,165456,Alanis,Juan,Assembly,22,Republican,0.306358,0.686567,0.676471,0.918919,0.863636,0.773333,0.845361,0.763441,0.953846,0.526316,0.864865,0.681818,0.683333,0.684211,0.828571,0.880952,0.564103,0.763158,0.875,0.444043,0.529412,0.940828,0.885714,0.867925,0.851064,0.714286,0.645161,0.428571,0.343137,0.615385,0.868132,0.402439,0.428571,0.5625,0.971098,0.972973,0.888889,0.344633,0.585366,0.484375,0.695652
118,165457,Davies,Laurie,Assembly,74,Republican,0.375,0.489362,0.657895,0.8,0.909091,0.7,0.848837,0.5625,0.934783,0.549296,0.772727,0.565217,0.62963,0.583333,0.708333,0.851852,0.454545,0.62963,0.862069,0.333333,0.666667,0.933333,0.866667,0.928571,0.777778,0.7,0.628571,0.488372,0.28125,0.820895,0.901639,0.439024,0.285714,0.666667,0.947368,0.64,0.92,0.411765,0.358491,0.459459,0.522727
119,165458,Dixon,Diane,Assembly,72,Republican,0.284483,0.25641,0.815385,0.821782,0.746988,0.650602,0.880952,0.441441,0.945652,0.33945,0.529412,0.446154,0.387097,0.282609,0.946237,0.6625,0.328767,0.5,0.6,0.463415,0.203125,0.983871,0.925373,0.877358,0.809524,0.489362,0.53271,0.490909,0.205882,0.320513,0.853659,0.457831,0.322581,0.690722,0.909091,0.188679,0.901235,0.460526,0.18543,0.35,0.387931
